	text
0	elon musk loses billion in net worth as tesla stock prices plummet news
1	elon musk wasn twitter supposed to die by now or something socialmedia news breakingnews
2	investors may see tesla as house of cards after watching elon musk sow chaos at twitter cnbc analyst 
3	severely increased post musk walking into that building one of the researchers behind the work says the ful 
4	 news elon musk tweets namaste to indians twitter in splits read more 
5	 tech newsflash voices worked at twitter for seven years this is what want you to know 
6	 tech newsflash how elon musk twitter takeover is ruining his own myth and tesla stock 
7	elon musk twitter risks big fines from us regulators news technology trends future innovation technews
8	huge news twitter ceo elonmusk declares purging the platform of child sexual exploitation priority 
9	 how to get started on hive social news information business travel food sports 
10	elon musk names korea among top candidates for ev investment yoon office stockmarket stocks finance news
11	tesla ceo elon musk has said that south korea is among its top candidate locations to build an electric vehicles 
12	elon musk considers south korea for next tesla gigafactory more info here tesla 
13	 elon musk defends cop who killed unarmed black man in ferguson news information 
14	 tech newsflash trent reznor says he moving on from twitter and elon musk is taking it personally 
15	 tech newsflash elon musk clarifies that he makes final decisions on twitter posts technology bot news
16	 tech newsflash falling tesla stocks have taken billion bite out of elon musk fortune 
17	eu to elon musk twitter we will have control we will have access people will no longer be able to say just 
18	eu to elon musk twitter we will have control we will have access people will no longer be able to say just 
19	musk twitter takeover triggers partisan clash via wsj news wsj
20	elon musk loses billion wealth in year worst hit among world richest 
21	elon musk temporarily closes twitter offices amidst mass resignation elonmask news 
22	 adult performers trump supporters and parodies who is paying for twitter by by stuart thompson via nyt new 
23	congress should investigate elon musk business ties with china politicslive news 
24	 gamification news elon musk has said he about context on tweets so here context for these shirt 
25	 follow for daily tldr news news tldr tldrnews twitter elonmusk musk musktwitter elonmusktwitter 
26	trump clearly has some kind of psychodrama going on with musk culture civilrights 
27	elon musk loses billion as tesla share price continues to sink news
28	elon musk to address twitter child sexual exploitation problem news
29	 elon musk blamed the media west in spreading brazen lies about missiles that fell in poland which threatened 
30	elon musk is reportedly considering cutting more of twitter workforce 
31	in an all hands meeting with employees informed that the company would resume active recruitmen 
32	 news via nyt by mike isaac and ryan mac as elon musk cuts costs at twitter some bills are going unpaid 
33	elon has announced now that the festering wound that was twitter is over it purge they ll now be hiring again 
34	read now tips insider news elon musk has upended twitter business here how he could fix it 
35	 as elon musk cuts costs at twitter some bills are going unpaid via trending news
36	nytimes what elon musk is doing to twitter is what he did at tesla and spacex is not an op ed and actually 
37	secret text sam bankman fried elon musk two weeks after clinching deal for b elonmusk texted sbf invit 
38	elon musk ceo of tesla spacex and twitter has seen his wealth dwindle by over billion this tesla news 
39	elon musk cheers woke journalist migration from twitter news
40	elon musk has himself to blame for twitter advertising woes civil rights groups say via cnbc news cnbc
41	 elon musk tries to blame activists for his twitter moderation council lie news 
42	supreme court allows handover of trump tax returns to congress live the independent news 
43	breaking bankman fried was an investor in musk twitter deal his contribution amounted to million news 
44	don like musk work for us tech firms woo ex twitter staff news tech technology technews 
45	elon musk reinstates trump twitter account news breaking_news business finance markets nyc
46	 you ve worked for an erratic and unpredictable boss like elon musk tell us what happened 
47	elon musk twitter will delay reintroducing blue check verification business news 
48	huge thanks to journalist for interviewing me for her big post about twitter had fun talking 
49	when breaking news is tweet away 
50	 news twitter elon musk wants twitter dms to be more secure interested in video and voice chat 
51	supreme court allows handover of trump tax returns to congress live the independent news 
52	 dropshipkingz vibetv news man gets elon musk name tatted on his face to get the billionaire to invite him 
53	 news man gets elon musk name tatted on his face to get the billionaire to invite him on his next space journey 
54	 tech newsflash naacp adl call for twitter ad boycott after musk reinstates trump technology bot news
55	 tech newsflash if elon musk really doesn want twitter to look right wing he doing terrible job 
56	 tech newsflash don like musk work for us tech firms woo ex twitter staff the guardian 
57	 tech newsflash crypto nerds built elon musk statue of his head on goat technology bot news
58	 tech newsflash the culture is decimated elon musk tyrannical management slammed on anonymous employe 
59	twitter paid verification rollout on hold elon musk explains why details please fol 
60	twitter may finally have good vision for the future elon musk tenure so far at twitter has been something ve 
61	elon musk has upended twitter business here how he could fix it více zde zpráva 
62	 androidcentral elon musk wants to give twitter dms an upgrade android tech tech 
63	elon musk is reinstating banned twitter accounts here who back entrepreneur startup news
64	how twitter became one of the world preferred platforms for sharing ideas gt technews technology news
65	elon musk is reinstating banned twitter accounts here who back entrepreneur startup news
66	elon musk takes hit tesla stock loses billion in value triple disney total market cap 
67	the us government still isn sure about elon musk twitter like 
68	 tech newsflash elon musk wealth drops by us billion in one day technology bot news
69	 tech newsflash elon musk puts an end to some twitter perks limits expenses due to company challenging 
70	elon musk insta killed his latest twitter verification scheme bluecheck business 
71	elon musk twitter reinstates anti trans activists on same weekend as club attacked news 
72	 as elon musk cuts costs at twitter some bills are going unpaid by by mike isaac and ryan mac via nyt new york ti 
73	former iphone jailbreaker and self driving car developer is fixing twitter search elon musk has hired noted iphone 
74	elon musk claims twitter layoffs are done and company is hiring coders socialmedia news breakingnews
75	rocker jack white deletes twitter account calls elon musk absolutely disgusting socialmedia news breakingnews
76	elon musk insta killed his latest twitter verification scheme bluecheck business 
77	 in the news at pm as elon musk cuts costs at twitter some bills are going unpaid
78	since elon musk became ceo many twitter employees have resigned but this hasn stopped elon from laying off work 
79	elon musk twitter blue will not be available again until identity theft issues are resolved 
80	yeah it freespeech for select racist few elon musk free speech twitter is still censoring ddosecrets 
81	twitter adds million daily active users in week elon musk says socialmedia news breakingnews
82	 washington examiner the prodigal network cbs news returns to twitter less than two days after pause to pro 
83	read elon musk friday emails to twitter engineers asking them to come to the office read here 
84	 tech newsflash twitter is being destroyed by one of its worst main characters the ringer 
85	 tech newsflash tesla stock price down since elon musk offered to buy twitter technology bot news
86	 tesla stock on track for its worst year ever as elon musk ev giant faces big headwinds 
87	 news amazon elonmusk shib shibainu shiba inu direct partnership with amazon and elon musk newest developme 
88	elon musk is doing better job at draining the swamp in less than month what trump couldn do in years elon 
89	tired of long news articles read summary for the latest news article in min or less tech technology 
90	according to new report elon musk has directed direct messages dm to be end to end encrypted similarly they 
91	after tesla and spacex top manager elon musk bought twitter big changes started in the company news 
92	elon musk reinstates trump twitter account elonmusk trump news newsgenics healtharcade 
93	the only constant at elon musk twitter is chaos news technology trends future innovation technews
94	 tech newsflash world richest man elon musk wealth has taken billion hit in thanks to plumm 
95	 tech newsflash elon musk says he wants twitter to have video chat voice calls and encrypted dms 
96	elon musk cheers woke journalist migration from twitter judgy hall monitors stay on other platforms 
97	elon musk has been losing rs crore everyday in due to twitter troubles follow for more 
98	elon musk says twitter is holding off restarting paid verification over impersonation concerns news
99	elon musk talks about fsd beta upcoming wide release more info here tesla teslanews 
100	elon musk greets indian followers in desi way his namaste tweet goes viral with meme replies news dailyhunt 
101	riedy takes over from robin wheeler who was fired by elon musk for refusing to lay off more members of his own staf 
102	musk antagonist george hotz hired to fix twitter search he got weeks news 
103	 tech newsflash world richest man elon musk wealth has taken billion hit in thanks to plumm 
104	musk antagonist george hotz hired to fix twitter search he got weeks science tech 
105	elon musk reasons to block alex jones return to twitter have nothing to do with the reason he was banned 
106	elon musk reasons to block alex jones return to twitter have nothing to do with the reason he was banned 
107	elon musk will have final say over twitter content moderation council tmz news celebrity 
108	elon musk faces backlash over new policy on mean tweets news
109	jeff bezos elon musk and ken griffin are sounding the alarm on us recession here are dire economic warnings 
110	twitter looks far from dead as usage apparently skyrockets post elon musk buyout notebookcheck news tech
111	twitter africa employees accuse elon musk of discrimination over severance terms více zde 
112	elon musk says twitter blue relaunch delayed may use different color checks for organizations cnbc cnbc news 
113	twitter is done with layoffs may set up engineering team in india elon musk news dailyhunt 
114	elon musk holds of twitter blue relaunch twitterblue elonmusktwitter elonmusk 
115	relaunch of blue is on hold until there is high confidence of stopping impersonation says elon musk 
116	 news nineinchnails trentreznor trent reznor quits twitter gets called crybaby by elon musk 
117	 news jackwhite jack white slams elon musk over donald trump twitter return 
118	trump news live manhattan da resumes stormy daniels hush money probe as elon musk unbans conservatives the ind 
119	 news via nyt by ryan mac and jack ewing what elon musk is doing to twitter is what he did at tesla and spacex 
120	elon musk wealth loss exceeds billion for first time news dailyhunt 
121	 more woes for twitter as its france head leaves news information business travel 
122	 elon musk cuts more twitter jobs news information business travel food sports 
123	elon musk says twitter is holding off restarting paid verification over impersonation concerns více zde 
124	elon musk says twitter blue relaunch delayed may use different color checks for organizations via cnbc news cnbc
125	twitter is making dms encrypted and adding video voice chat per elon musk science tech 
126	the wall street journal elon musk continues twitter job cuts laying off sales employees news stocks
127	twitter before elon vs after musk besides sex gender discrimination what else do you see elonmusk 
128	twitter won restart paid verification until significant impersonations stop elon musk tells employees 
129	jack are you there elon musk is destroying twitter and you square elonmusk news trump biden bitcoin ftx 
130	are you victim of elon musk and crypto fraudsters join the world best traders elonmusk news trump biden 
131	white stripes rocker jack white rips elon musk restored fascist trump twitter account to avoid paying fair sh 
132	elon musk says twitter is done with layoffs and ready to hire again science tech culture 
133	 news verge reports elon musk told twitter employees there will be no more layoffs 
134	elon musk taunts donald trump with sexual meme to return to twitter news donald elon meme musk return sexual 
135	 shalom kanye west returns to elon musk twitter news feedly
136	why elon musk made big mistake here socialmedia news breakingnews
137	the benny show november elon musk liberates twitter trump doubles joe biden followers as med 
138	elon musk gets weird in baiting trump into tweeting again news
139	elon musk twitter reinstates rep marjorie taylor greene associated press elon musk twitter has reinstated th 
140	twitter frances head quits company amid elon musk layoffs its over national francenews worldnews news 
141	gm suspends advertising on twitter to evaluate its direction under elon musk 
142	 in the news at pm what elon musk is doing to twitter is what he did at tesla and spacex
143	opinion as one media scholar told me just after trump was banned from in of trump tweets 
144	president trump snubs twitter after musk announces account reactivation in poll posted to twitter on november 
145	the margin what does free speech actually mean twitter was never censoring speech despite what elon musk and 
146	key words elon musk has no mercy for alex jones and won reinstate his twitter account news stocks
147	elon musk is laying off even more twitter workers science tech culture reviews art 
148	alex jones responds to elon musk declaration of war apparent threat socialmedia news breakingnews
149	alex jones responds to elon musk declaration of war apparent threat america news trump 
150	elon musk fights child sex abuse after twitter speech police refused for years socialmedia news breakingnews
151	 elon musk is laying off even more twitter workers news information business travel 
152	internet rallies behind alex jones return to twitter after elon musk declares no mercy 
153	internet rallies behind alex jones return to twitter after elon musk declares no mercy 
154	elon musk is laying off even more twitter workers news technology trends future innovation technews
155	twitter won restore alex jones account elon musk says news science tech 
156	 no mercy elon musk states alex jones will never be allowed back to twitter over sandy hook comments 
157	 tech newsflash icymi the liberal media meltdown over musk twitter hit fever pitch this weekend 
158	 tech newsflash former twitter manager mocked elon musk leadership in song about working to 
159	the margin twitter alternatives like mastodon and hive social in case the social network shuts down on elon mu 
160	twitter boss elon musk keeps conspiracy theorist alex jones off platform news topstories bbc
161	elon musk fan boys are making lots of money today on crypto reddit scam roflmao elonmusk twitterstillopen 
162	twitter africa employees accuse elon musk of discrimination over severance terms via 
163	 austin usa news maga texas 
164	report elon musk isn done slashing twitter workforce socialmedia news breakingnews
165	new research shows of leaders regret their first moves as ceo will elon musk federal state news
166	elon musk says alex jones won be allowed back on twitter news alex allowed elon jones musk twitter wont 
167	twitter africa employees accuse elon musk of discrimination over severance terms více zde 
168	us govt to probe musk twitter as he plans more layoffs alwaleed_talal china chrismurphyct cspan elonmusk 
169	 news jackwhite jack white slams elon musk over donald trump twitter return 
170	 tech newsflash my firstborn child died in my arms elon musk reveals why twitter won lift alex jones ba 
171	 tech newsflash elon musk is running twitter like failing newspaper business technology bot news
172	 tech newsflash fired twitter engineer said he would have come up with way cleverer and more devastating 
173	 tech newsflash elon musk referenced the bible and said he won allow sandy hook conspiracy theorist alex 
174	 tech newsflash elon musk went on firing frenzy at twitter now he paying for it robert reich 
175	 elon musk keeps twitter ban for sandy hook conspiracy theorist alex jones news 
176	is the twitter france president stepping down result of elon musk influence finance news economy market 
177	 the accounts of kanye west now ye and andrew tate people who were shut down for spreadin 
178	the twitter news feed has gone to shit thank you elon musk the self proclaimed defender of freedom of speech and 
179	elon musk sold worth of tsla shares besstocksnews news 
180	twitter boss elon musk keeps conspiracy theorist alex jones off platform news feedly
181	are twitter days numbered after elon musk chaotic takeover of the company gt technews technology news
182	read elon musk friday emails to twitter engineers asking them to come to the office read more 
183	twitter boss elon musk keeps conspiracy theorist alex jones off platform hit radio charlie 
184	trump news live twitter silence from trump after reinstatement by elon musk as last post goes viral the indepe 
185	elon musk backers cheer him on even if they aren sure what he doing to twitter gt technews technology news
186	elon musk reinstates donald trump twitter account news twitter latestnews twitter
187	 tech newsflash this is the worst time for donald trump to return to twitter technology bot news
188	 tech newsflash the only thing elon musk understands about twitter is how to kill it technology bot news
189	tesla and spacex ceo elon musk eventful twitter process continues finally twitter news turkey turkeynews 
190	weekend news top news over weekend bob iger comes back as disney ceo bbc ignored open ceremony of world cup elo 
191	elon musk plans to create app ordo ordonews news worldnews
192	elon musk the winter of the market is long but bitcoin will succeed adon adonis_network adonis_exchange 
193	trump news live twitter silence from trump after reinstatement by elon musk as last post goes viral the indepe 
194	elon musk says free employee lunches at twitter hq were costing more than per meal because almost no one was 
195	pranksters fool some media members after elon musk twitter takeover 
196	elon musk lifts ban on trump twitter account news video inside 
197	trump news live twitter silence from trump after reinstatement by elon musk as last post goes viral the indepe 
198	 reinstate former president trump trump return on twitter after elon musk poll 
199	after elon musk ultimatum twitter employees start exiting hahalolo news switter
200	elon musk jack dorsey address suggestions to allow less anonymity on twitter news marketnews bitcoins
201	 donald trump account restored by elon musk after the poll twitter elonmusk donaldtrump news president 
202	 product review kanye west returns to twitter after elon musk brings trump back news 
203	musk reinstates trump twitter account after online poll via wsj news wsj
204	 product review kanye west returns to twitter after elon musk brings trump back news 
205	elon musk restores donald trump twitter account hightech technology ai news 
206	elon musk pokes fun at cbs short lived twitter hiatus after network resumes tweeting less than hours later 
207	breaking news around the world krcotter news elonmusk news topnews breakingnews
208	celebrities cope and seethe after elon musk restores trump twitter account tragic day for america 
209	some idiots are blocking elon musk believing it makes difference but the real difference has been to get rich 
210	kanye west returns to twitter news
211	 world cup qatar opening ceremony elonmusk elonmusknews 
212	 tech newsflash elon musk unbans kanye west donald trump andrew tate on twitter technology bot news
213	kanye west returns to twitter after his account is unblocked following elon musk takeover celebritynews news
214	 gt what does an inventor the likes of elon musk have to say about society ills plenty read freeman explains 
215	breaking news around the world krcotter news how true 
216	trump news live twitter silence from trump after reinstatement by elon musk as last post goes viral the indepe 
217	trump terrifically stupid return to twitter news trump elonmusk stupidrichpeople stupid
218	twitter must shutdown can elon musk save twitter from bankruptcy check our new video elonmusk twitter 
219	elon musk about racism elonmusk racist racism blm fifaworldcup news 
220	cbs news suspends all twitter activity confirming our most recent data concerning elon musk insanity twitter 
221	trump news live twitter silence from trump after reinstatement by elon musk as last post goes viral the indepe 
222	elon musk lifts donald trump twitter ban after online poll ht heritagetimes news 
223	musk reinstates trump twitter account after online poll via wsj news wsj
224	elon musk has begun his takeover of twitter like comment ff 
225	musk reinstates trump twitter account after online poll via wsj news wsj
226	cbs news suspends twitter activity amid uncertainty of elon musk leade via 
227	elon musk says he will reinstate twitter account of former president donald trump after online poll 
228	elon musk restores donald trump twitter account trump elonmusk news
229	elon musk reinstates donald trump twitter account following poll news elonmusk donaldtrump trump twitter
230	trump news live twitter silence from trump after reinstatement by elon musk as last post goes viral the indepe 
231	elon musk downscaled twitter faces soccer world cup test via wsj news wsj
232	 tech newsflash twitter fact checking project how elon musk community notes feature works 
233	 tech newsflash elon musk reinstated donald trump on twitter now the real drama begins 
234	elon musk removes ban from twitter accounts news elonmusk details here 
235	elon musk removes ban from twitter accounts news elonmusk details here 
236	elon musk restores trump after twitter vote but not alex jones despite calls for reinstatement 
237	elon musk restores trump after twitter vote but not alex jones despite calls for reinstatement 
238	 truth social has been very very powerful donald trump says he won return to elon musk twitter 
239	cnn tosca musk elon sister has business venture of her own and it all about romance and female sexualit 
240	trump shuns twitter when elon musk announces the resurrection of his account trump twitter elonmusk potus meme 
241	monsters critics donald trump is back on twitter following elon musk takeover crime 
242	twitter was already in disarray trump return will only make it more chaotic více zde 
243	opinion joe biden and elon musk at opposite ends of leadership equation více zde zpráva 
244	tosca musk elon sister has business venture of her own and it all about romance and female sexuality více 
245	 tech newsflash elon musk reinstates former president donald trump twitter account technology bot news
246	 tech newsflash the power players activists and pioneers shaping the future of business from sustaina 
247	 follow for daily tldr news news tldr tldrnews tech socialmedia twitter elonmusk donaldtrump 
248	 trump is back elon musk brings trump back impact on india and the world trump 
249	elon musk restores donald trump twitter account socialmedia news breakingnews
250	elon musk restores donald trump twitter account america news trump infowars freespeech politics
251	a twitter executive who left the company when elon musk took over has returned to lead its trust and safety team 
252	elon musk embraces twitter radical fact checking experiment news technology trends 
253	it is about time that trump is reinstated to twitter so elon must did poll and over million responded with 
254	musk restores trump twitter account after online poll socialmedia twitter elonmusk facebook truthsocial 
255	elon musk restores donald trump twitter account technology news capital tv news tech technology technews 
256	 news elon musk restores donald trump twitter account read more 
257	 news elon musk invites people to watch the first world cup match on twitter 
258	how does elon musk fast track productivity november th elon musk unique way of running companies has 
259	 tech newsflash elon musk trump poll believed to be clever bot trap technology bot news
260	 tech newsflash elon musk twitter poll suggests donald trump will be reinstated on the platform 
261	 tech newsflash in dublin it elon musk versus the housing market technology bot news
262	 tech newsflash beware self made genius entrepreneurs promising the earth just look at elon musk kenan 
263	breaking elon musk reinstates donald trump twitter account elonmusk trump twitter trumptwitter uspolitics 
264	elon musk restores donald trump twitter account after poll via 
265	the twitter account of former us president donald trump was back up again after the social media company new owne 
266	elon musk on twitter on november give former us president trump his account back account trump 
267	how mastodon favorite twitter alternative works via news breaking socialmedia
268	most up to date information donald trump will be reinstated on twitter confirms elon musk news shorts reels 
269	 cbsnews is halting its activity on twitter over elon musk turbulent and potentially devastating moves following 
270	 year old boy shot dead in iranian regimes brutal crackdown yearned to be like elon musk 
271	trump twitter account restored by musk via news trending trendingnews
272	elon musk lets donald trump back on twitter news omnihanded entertainmet news news 
273	elon musk lets donald trump back on twitter news omnihanded entertainmet news news 
274	elon musk asks twitter users to vote on reinstatement of donald trump account see the poll news video inside 
275	elon musk restores donald trump twitter account via news trending trendingnews
276	spacex employees fired for writing letter blasting elon musk behavior news
277	 news via nyt by ryan mac and kellen browning elon musk reinstates trump twitter account 
278	 in the news at nov elon musk reinstates trump twitter account
279	breaking twitter news elon musk reinstated former president trump twitter news texas 
280	will donald trump tweet again elon musk reinstates donald trump on twitter news
281	 elon musk reinstates trump twitter account via trending news
282	 in the news at nov elon musk restores donald trump twitter account
283	 product review elon musk lets trump back onto twitter news 
284	elon musk reinstates donald trump twitter account news 
285	elon musk reinstates donald trump twitter account news 
286	donald trump has been reinstated on twitter by elon musk topstories news popculture
287	donald trump reacts after elon musk reinstates his twitter account ending lifetime ban news topstories worldnews
288	elon musk reinstates trump twitter account news tech technology technews 
289	mr musk you and your company twitter please make me famous twitteroff elon 
290	donald trump twitter account reinstated by elon musk tmz news celebrity 
291	elon musk restores donald trump twitter account news tech technology technews 
292	elon musk restores donald trump twitter account news topstories breakingnews
293	elon musk to reinstate donald trump on twitter but ex president says he won return news topstories popculture
294	elon musk reinstates donald trump twitter account after holding poll account has lost m followers 
295	elon musk re instates donald trump twitter account after public poll donaldtrump trumpisback elonmusk 
296	former us president donald trump twitter account reappeared on sunday after elon musk confirmed to reinstate his 
297	donald trump apparently back on twitter after elon musk poll votes to lift his ban sky news news 
298	elon musk says he will reinstate twitter account of former president donald trump after online poll 
299	musk reinstates trump twitter account after online poll via wsj news wsj
300	trump twitter account restored by musk news topstories abc
301	good riddance lowlife antifa protester among those who lost job in elon musk massive twitter layoffs 
302	elon musk plans to increase the number of twitter layoffs in sales division reports news dailyhunt 
303	new papastanimus video elon musk reinstates trump on twitter viral news papastanimus reaction
304	convicted scammer anna sorokin said elon musk is one of her dream dinner guests because his views are very fluid 
305	 donald trump returns to twitter thanks to elon musk news information business travel 
306	 trump twitter account has been reinstated by elon musk america usa news 
307	 elon musk reinstates donald trump twitter account social media news news 
308	 in the news at pm elon musk reinstates trump twitter account
309	elon musk says he will reinstate twitter account of former president donald trump after online poll 
310	elon musk reinstates donald trump twitter account by news via 
311	twitter reverses permanent ban on donald trump by news via 
312	elon musk reinstates trump twitter account elon trump twitter news follow share 
313	elon musk says he will let trump back onto twitter breaking breakingnews politics usa news newsbreak 
314	musk reinstates trump twitter account after online poll via wsj news wsj
315	elon musk restores donald trump twitter account socialmedia news breakingnews
316	donald trump returns to twitter nearly years after getting banned following elon musk poll 
317	elon musk allows donald trump back on twitter breaking breakingnews politics usa news newsbreak trending 
318	elon musk trump will be reinstated on twitter after poll elon_musk twitter trump elon news will 
319	trump is back on twitter my colleagues nailed elon musk since the beginning twitter news 
320	elon musk allows donald trump back on twitter breaking breakingnews politics usa news newsbreak trending 
321	elon musk restores donald trump twitter account viral news trending donaldtrump 
322	 in the news at pm elon musk restores donald trump twitter account
323	elon musk reinstates trump twitter account news tech technology technews 
324	musk restores trump twitter account after online poll los angeles ap elon musk reinstated donald trump acc 
325	elon musk bought twitter and here everything that happened next news technology 
326	elon musk says he letting donald trump back on twitter news technology trends future innovation technews
327	the us government still isn sure about elon musk twitter technology news
328	will donald trump tweet again musk says trump to be reinstated on twitter breaking breakingnews politics usa 
329	elon musk allows donald trump back on twitter gt technews technology news
330	 culture politics donaldtrump elonmusk news elon musk restores donald trump twitter account after online poll 
331	trump reinstated breaking news trump biden
332	the poll conducted by elon musk the new owner of the social media platform twitter on the return news 
333	elon musk says he will reinstate twitter account of former president donald trump news topstories cnbc
334	elon musk bought twitter now what next science tech culture reviews art media 
335	elon musk says he letting donald trump back on twitter science tech culture reviews 
336	 elon musk says he will reinstate trump on twitter by by ryan mac and kellen browning via nyt new york times 
337	 elon musk after twitter poll news information business travel food sports cricket 
338	 breaking elon musk restores donald trump twitter account following the results of poll on the platform news
339	 elon musk announces the people have spoken trump will be reinstated on twtr news retweet
340	breaking donald trump to be reinstated back on twitter after ban per elon musk stocks news trump newsupdates
341	elon musk unbans former president donald trump twitter account geekriches geekriches 
342	 the us government still isn sure about elon musk twitter news information business 
343	the us government still isn sure about elon musk twitter news technology trends future innovation technews
344	 definitely need to improve twitter dopamine cortisol ratio 
345	 agree elonmusk elonmusknews tesla starlink spacex 
346	 makes bold move will other media companies and news orgs follow 
347	cbs news to temporarily go dark on twitter amid uncertainty on the platform 
348	the us government still isn sure about elon musk twitter science tech culture 
349	 twitter elonmusk business news billionaire elon musk has previously and repeatedly stated that 
350	 tech newsflash elon musk starts twitter poll on whether to reinstate trump technology bot news
351	 tech newsflash elon musk twitter poll suggests president trump will be reinstated on the platform 
352	 music musicnews news rock twitter trent reznor on desire to bail on twitter after elon musk takeover we don 
353	 what does an inventor the likes of elon musk have to say about society ills plenty read freeman explains joh 
354	donald trump on course for twitter comeback after elon musk poll news comeback donald elon musk poll trump 
355	the pentagon says it testing elon musk starlink in the arctic which could help connect us troops 
356	elon musk asks twitter users to vote on ending donald trump ban on social media site news world 
357	elon musk starts twitter poll on whether to bring back trump dailybusiness business finance news 
358	scammer anna sorokin said elon musk is one of her dream dinner guests news anna dinner dream elon guests 
359	elon musk insane strategy to bring donald trump back to twitter twitter tesla tsla ukraine poland news 
360	 elon musk chainsaw strategy does not bode well for twitter future source news sky
361	 tech newsflash analysis the establishment scrambles to crush its agenda worst nightmare 
362	 tech newsflash not so fast elon europe warns musk he must hire hundreds of moderators to limit free speech 
363	twitter is just insane right now full video skit sketch elonmusk elon musk 
364	exclusive alex jones responds to elon musk no socialmedia news breakingnews
365	exclusive alex jones responds to elon musk no america news trump infowars freespeech politics
366	elon musk twitter teeters on the edge after another leave ht heritagetimes news 
367	twitter has chance of major crash during world cup says insider news
368	just hours after saying he had not yet decided on whether to lift the twitter ban on donaldtrump the social netw 
369	just hours after saying he had not yet decided on whether to lift the twitter ban on donaldtrump the social netw 
370	tech roundup wall street reacts to cisco nvidia results and more fallout from elon musk new twitter 
371	 tech newsflash elon musk needs to learn that more debate does not mean more truth technology bot news
372	 tech newsflash peter roff supporters of elon musk twitter crusade may be disappointed in the long run 
373	 tech newsflash elon musk needs to learn that more debate does not mean more truth john naughton 
374	twitter has chance of major crash during world cup says insider driving news
375	twitter has chance of major crash during world cup says insider driving news
376	over million people vote in twitter poll by elon musk to reinstate the twitter account of former president tru 
377	 ethereum news past h discover more full article trading 
378	 metaverse news and opinion usa the shock of twitter owner elon musk prophetically reporting twitter may not 
379	tesla board view that elon musk is irreplaceable emerged in pay trial via wsj news wsj
380	 gm has said it plans to overtake tesla ceo elon musk in outright vehicle sales and will challenge him on the home 
381	elon musk echoing adl talking points says new twitter policy is freedom of speech but not freedom of reach 
382	elon musk echoing adl talking points says new twitter policy is freedom of speech but not freedom of reach 
383	elon musk to sack half of twitter staff and end working from home read more news 
384	elon musk to sack half of twitter staff and end working from home read more news 
385	prolly so he can write it himself everyone went on long vacation elonmusk twitter msn news
386	elon musk sends an email to twitter engineers inviting them to his office elon musk twitter tesla spacex meme 
387	 tech newsflash don be swayed by elon musk ashneer grover word of advice on mass layoffs 
388	 tech newsflash spent week on mastodon the social media platform some are turning to as they abandon el 
389	 tech newsflash elon musk asks twitter users to vote on whether to reinstate donald trump account 
390	as elon musk purchases twitter people are asking one question will he destroy callum grady twitter account 
391	elon musk says btc will make it things to know in bitcoin this week bitcoin news bitcoinnews
392	the exodus at twitter may have been the plan all along maybe by 
393	 tesla news past h discover more full article trading news 
394	 tech newsflash elon musk starts twitter poll on whether to bring back trump technology bot news
395	 tech newsflash reinstate trump elon musk asks twitter days after the announcement hindustan times 
396	 tech newsflash should donald trump be reinstated on twitter elon musk starts poll the indian express 
397	 tech newsflash elon musk launches twitter poll asking whether to reinstate ex us president donald trump 
398	 tech newsflash as twitter erupts in chaos elon musk posts poll on reinstating trump account 
399	 tech newsflash tech healer couple flew to sf on private jet to help heal elon the san francisco standar 
400	 tech newsflash here how twitter breaks under ceo elon musk according to experts business insider 
401	 tech newsflash quitting elon musk twitter here how to join mastodon technology bot news
402	 crypto news will trump be back on twitter elon musk asks twitter users to decide in poll 
403	twitter fate in doubt as employees defy elon musk ultimatum fears grew that fresh exodus would threaten the very 
404	 crypto news elon musk polls to reinstate trump account 
405	 news elon musk poll to bring back trump to twitter breaks records million votes in just hours 
406	indian twitter alternative koo offers to hire employees fired by twitter read more 
407	elon musk tells twitter engineers to fly in for meeting report news 
408	elon musk tells twitter engineers to fly in for meeting report news 
409	elon musk bans twitter staff from working from home in new email read more news 
410	elon musk bans twitter staff from working from home in new email read more news 
411	angry messages beamed onto twitter hq amid elon musk employee cull news tech twitter elonmusk angry message 
412	after initially telling twitter employees that the company offices would be closed until monday new owner elon 
413	 elon musk asks twitter users to vote on reinstatement of donald trump source news sky
414	elon musk gives ultimatum to remaining twitter staff in email go hardcore or leave news 
415	elon musk asks twitter users if trump should be reinstated socialmedia news breakingnews
416	 news via nyt by yoel roth was the head of trust and safety at twitter this is what could become of it 
417	 was the head of trust and safety at twitter this is what could become of it via trending news
418	elon musk asks twitter users to vote on reinstatement of donald trump news
419	late night writer pop culture news midterm late night writer pop culture news midterm election night 
420	andrew twiggy forrest slams tesla elon musk over hydrogen read more news 
421	andrew twiggy forrest slams tesla elon musk over hydrogen read more news 
422	elon musk new twitter policy suppressing hate tweets sparks confusion comparisons to shadowbanning 
423	elon musk asks twitter users to vote on bringing back donald trump account tmz news 
424	giant sculpture of elon musk as goat riding rocket is coming to austin news 
425	elon musk announces new twitter policy to tackle hate speech stay tuned to for more updat 
426	elon musk summons twitter engineers to headquarters amid mass resignations news topstories breakingnews
427	negative tweets to be deboosted demonetised elon musk announces new twitter policy news dailyhunt 
428	elon musk starts twitter poll on whether to reinstate donald trump account after introducing new policy on hate twe 
429	elon musk starts twitter poll on whether to bring back trump news tech technology technews 
430	elon musk launches twitter poll about reinstating donald trump account via wsj news wsj
431	elon musk is asking twitter users to vote on bringing donald trump back to the bird app 
432	elon musk says decision on reinstating trump not yet made via wsj news wsj
433	 elon musk encourages twitter engineers to fly in for in person meetings email news 
434	elon musk encourages twitter engineers to fly in for in person meetings email news tech technology technews 
435	why every twitter user should archive and lock down their data elon musk acquired twitter in late october and almo 
436	trolls are already abusing elon musk new twitter verification system impersonating everyone from george bush to 
437	 elon musk twitter teeters on the edge after another leave via trending news
438	elon musk mocks senate democrats as clueless for their calls to investigate twitter 
439	 news via nyt by ryan mac mike isaac and kellen browning elon musk twitter teeters on the edge after another 
440	 first world cup match on sunday watch on twitter for best coverage real time commentary 
441	 elon musk tells twitter engineers to fly in for meeting report business and economy news 
442	 in the news at pm the world cup will kick off amid elon musk twitter chaos and nobody knows what happens next
443	elon musk twitter teeters on the edge after another leave news tech technology technews 
444	after elon musk ultimatum twitter employees start exiting dailybusiness business finance news 
445	 tech newsflash elon musk begins unbanning accounts debuts new twitter policy and more 
446	 tech newsflash timeline of elon musk tumultuous twitter takeover technology bot news
447	 tech newsflash elon musk restores babylon bee to twitter promises to shadowban wrongthink 
448	 tech newsflash why twitter users should stop crying over its potential downfall technology bot news
449	 tech newsflash twitter rumors unpacked elon musk building access space karen and more 
450	 tech newsflash pronatalism explained why tech titans like elon musk want to have tons of kids to save th 
451	 tech newsflash ceos can bully their employees anymore elon musk failed ultimatum to twitter employees 
452	 tech newsflash elon musk twitter meltdown is spectacle we can look away from cnet 
453	 metaverse news and opinion usa repost trending writerslift repost share writingjobs writingcommunity 
454	music news cent ice more react to twitter possible implosion news 
455	ex twitter employees are left in limbo with thousands in expenses after elon musk layoffs and ultimatum exodus 
456	elon musk other company tesla bursts into flames on pennsylvania highway socialmedia news breakingnews
457	former twitter head of trust and safety argues that apple and google have the most sway on policy yoel roth briefl 
458	 gamification news was the head of trust and safety at twitter this is what could become of it 
459	read elon musk friday emails to twitter engineers asking them to come to the office via cnbc news cnbc
460	world exclusive alex jones responds to elon musk denying his return to twitter america 
461	world exclusive alex jones responds to elon musk denying his return to twitter socialmedia news breakingnews
462	after twitter planned to close offices for the day elon musk asks engineers to come in via cnbc news cnbc
463	opinion why those of us on twitter are saying was here více zde zpráva zpravy_ 
464	elon musk announces negative hate tweets to be deboosted demonetised under the new twitter policy 
465	elon musk restores babylon bee to twitter promises to shadowban wrongthink socialmedia news breakingnews
466	elon musk twitter teeters on the edge after another leave news tech technology technews 
467	 news twitter twitter in shambles following elon musk twitter ultimatum mass employee resignations 
468	elon musk twitter teeters on the edge after another leave news tech technology technews 
469	news from the time reports elon musk twitter teeters on the edge after another leave 
470	 elon musk twitter teeters on the edge after another leave by by ryan mac mike isaac and kellen browning 
471	elon musk twitter teeters on the edge after another leave news tech technology technews 
472	elon musk twitter circus gets tesla booted from top investments list read more 
473	elon musk twitter circus gets tesla booted from top investments list read more 
474	 tech newsflash how elon musk came to own twitter timeline of the tesla ceo takeover 
475	 tech newsflash elon musk asks twitter software engineers to report to office email technology bot news
476	 tech newsflash with twitter in chaos some ways to protect your account technology bot news
477	 tech newsflash would the death of twitter make the world better place technology bot news
478	 tech newsflash elon musk inherited twitter child abuse nightmare experts say he making it worse 
479	 tech newsflash elon musk calls for anyone left at twitter who can write software to meet him and help him 
480	 tech newsflash elon musk asks twitter software engineers to report to office email reuters 
481	after twitter planned to close offices for the day elon musk asks engineers to come in news
482	jordan peterson restored to twitter by elon musk news
483	breaking elon musk restores the babylon bee twitter account let that sink in news
484	 no elon musk denies request to bring alex jones back to twitter developing socialmedia news breakingnews
485	 no elon musk denies request to bring alex jones back to twitter developing america 
486	 techradar live blog twitter chaos elon musk just made some big policy decisions 
487	elon musk the system is collapsing because brainless americans don want to work ftx news bitcoin nvda 
488	 news twitter twitter employees are not the only ones ditching the platform as users flock to decentralized alte 
489	breaking elon musk asks twitter engineers for coingape coingape cryptonews elonmusk news twitter
490	elon musk says in court that he doesn want to be ceo of any company and tries to walk back sec insults news
491	 tech newsflash rumors swirl as twitter users speculate the platform shutdown is imminent 
492	new york ap several spacex employees who were fired after circulating an open letter calling out ceo elon musk 
493	 in the news at am twitter shuts offices amid worker exodus as many reject elon musk ultimatum
494	what would politics look like without twitter více zde zpráva zpravy_ informace 
495	 and counting things journalism loses if elon musk destroys twitter including real time feedback on stories 
496	twitter verges on collapse as workers quit in revolt against notorious union buster elon musk news by jake joh 
497	 gt what does an inventor the likes of elon musk have to say about society ills plenty read freeman explains 
498	elon musk says he not super worried about twitter staffers quitting in droves because 
499	 news elonmusk elon musk already has his successor lined up tesla board member claims 
500	good luck getting elon musk to stop tweeting news technology trends future innovation technews
501	elon musk trolls haters tweeting en mass that twitter is dead socialmedia news breakingnews
502	elon musk trolls haters tweeting en mass that twitter is dead america news trump infowars freespeech politics
503	friday live broadcast twitter hit with mass exodus but maybe that was elon musk plan all along 
504	 tech newsflash elon musk posts twitter grave meme as riptwitter trends technology bot news
505	friday live broadcast twitter hit with mass exodus but maybe that was elon musk plan all along 
506	elon musk tells twitter staff at all hands meeting that bankruptcy is not out of the question read more 
507	elon musk tells twitter staff at all hands meeting that bankruptcy is not out of the question read more 
508	elon musk clever plan to destroy twitter and save us all politico read more 
509	elon musk clever plan to destroy twitter and save us all politico read more 
510	elon musk sets more in office requirements at twitter elonmusk trendingnow news taksim
511	we analysed million news articles on tesla twitter and elon musk to find out what exactly influences the comp 
512	there is no replacement for black twitter news technology trends future innovation technews
513	can elon musk turn twitter into an everything app news technology trends future innovation technews
514	 ethereum news past h discover more full article trading 
515	metro elon musk hardcore twitter ultimatum seems to have backfired badly news tech twitter 
516	reports say twitter employees appear to quit following elon musks deadline read more 
517	 news bitcoin btc doge dogecoin elon musk dogecoin btc and ethereum have bright future will doge price hit 
518	elizabeth warren gets fact checked by elon musk twitter democrats caught lying again 
519	 tech newsflash sabotage shy musk boards up twitter offices as staffers flock to quit report 
520	 tech newsflash billionaires like elon musk want to save civilization by having tons of genetically superior 
521	 tech newsflash elon musk cracked jokes as users of his billion acquisition prepped for the twilight of 
522	 tech newsflash twitter closes offices after elon musk loyalty oath sparks wave of resignations 
523	in this weeks the trademark lawyer newsletter trademark ignorance is burning elon musk twitter to the ground re 
524	twitter staff at loggerheads with elon musk twitter news itvideo 
525	hundreds of staff have reportedly resigned after the site new owner gave them an ultimatum 
526	twitter headquarters projection activist mocked new owner elon musk and displayed hateful messages on the wall 
527	elon musk sent an email to his employees in which he asked them to choose between working long hours at high intens 
528	elon musk stated in court that he doesn desire to lead any company as ceo while responding to queries from atto 
529	 news riptwitter czbinance elonmusk twitter in the ongoing rip twitter trend on twitter binance ceo changpen 
530	following elon musk deadline for staff to either accept his extremely hardcore way of working or leave the comp 
531	twitter headquarters projection activist mocked new owner elon musk and displayed hateful messages on the wall 
532	hundreds of employees say no to being part of elon musk extremely hardcore twitter news
533	 metaverse news and opinion usa repost trending trendingnow writerslift repost share writingjobs 
534	after elon musk ultimatum twitter employees start exiting news tech technology technews 
535	employees at twitter begin leaving after elon musk hardcore ultimatum business news 
536	twitter temporarily shut all its offices after hundreds of employees reportedly resigned following elon musk ulti 
537	cw bird site bin fire bbc elon musk twitter locks staff out of offices until next week employees have been twe 
538	elon musk has said that he expected to reduce his time at twitter and eventually find new leader to run the socia 
539	and many users and influencers are worried about the platform as they were getting used to this platform it is 
540	toon finance dogecoin shiba inu coin moon after elon musk seals twitter purchase blockchain cryptocurrency news
541	elon musk twitter closes offices until next week breaking breakingnews politics usa news newsbreak trending 
542	elon musk is already thinking about stepping away from twitter topstories news popculture
543	 best people are staying m not worried elon musk amid mass resignations at twitter news dailyhunt 
544	elon musk shares this meme as mass resignations hit twitter triggering fear of global outage elonmusk twitter 
545	as twitter future appears unstable under new ownership many users are flocking to mastodon which has seen s 
546	 news via nyt by ryan mac mike isaac and david mccabe resignations roil twitter as elon musk tries persuading so 
547	the news at is news source the guardian title twitter closes offices after elon musk loyalty oath sp 
548	twitter enters death spiral as staff reject elon musk hardcore ultimatum image credit nathan dumlao on unspl 
549	elon musk twitter locks staff out of offices until next week news topstories bbc
550	twitter closes offices after elon musk loyalty oath sparks wave of resignations must read last paragraph news
551	after elon musk ultimatum twitter employees start exiting news tech technology technews 
552	 resignations roil twitter as elon musk tries persuading some workers to stay via trending news
553	elon musk changed like buttons viraltwitter news trendingnow 
554	twitter saga mass resignations on thursday elon musk suspends office access till nov elonmusk kyliebytes 
555	resignations roil twitter as elon musk tries persuading some workers to stay the new york times 
556	the news at is news source daily mail title twitter workers brace for fresh layoffs as they hit elon mus 
557	employees resign from twitter after elon musk deadline to recommit and walks back remote work policy news
558	elon musk takes the stand to defend his tesla compensation socialmedia news breakingnews
559	twitter living wake kicked off with elon pm deadline science tech culture reviews 
560	another worker exodus at twitter as many reject elon musk ultimatum breaking breakingnews politics usa news 
561	twitter employees quit in droves breaking breakingnews politics usa news newsbreak trending entertainment 
562	 twitter shuts offices in resignation chaos after elon musk ultimatum news information 
563	elon musk twitter closes offices until next week news topstories bbc
564	twitter employees quit in droves after elon musk ultimatum passes gt technews technology news
565	elon musk twitter closes offices until next week bbc news 
566	if elon musk lets twitter die its because he a bitchless loser with reverse hairline spread the news 
567	the news at is news source daily mail title twitter workers brace for fresh layoffs as they hit elon mus 
568	 in the news at pm elon musk twitter closes offices until next week
569	 in the news at pm elon musk twitter closes offices until next week
570	twitter halts office building access as reports emerge that hundreds of employees are leaving the company after el 
571	the news at is news source daily mail title twitter workers brace for fresh layoffs as they hit elon mus 
572	fired by tweet elon musk latest actions are jeopardizing twitter experts say npr elonmusk twitter 
573	elon musk twitter closes offices until next week hit radio charlie 
574	 hit with mass resignations after elon musk hardcore ultimatum america usa news 
575	twitter halts office building access as reports emerge that hundreds of employees are leaving the company after el 
576	future proof google news follow us for latest news twitter hit with mass resignations after elon mu 
577	hundreds of employees say no to being part of elon musk extremely hardcore twitter 
578	just in case em breaks twitter ve just signed up to mastodon as social musk 
579	future proof google news follow us for latest news elon musk changes twitter remote work rules 
580	breaking news alex vieira applauds elon musk firing thousands of useless twitter employees ftx news bitcoin 
581	elon musk sets more in office requirements at twitter threatens lax managers via cnbc news cnbc
582	senator asks elon musk to explain twitter impersonators web news money money
583	 tsla news update yesterday rueters today electrek more chatter of musk replacement hence the weakness 
584	elon musk sets more in office requirements at twitter threatens lax managers via cnbc news cnbc
585	 remote working will end elon musk tells staff via africans 
586	 tech newsflash it already failing nbc news special investigates meltdown at twitter can it survive 
587	monsters critics jimmy fallon asked elon musk for help with viral death hoax hashtag to no avail crime news
588	elon musk sets more in office requirements at twitter threatens lax managers via cnbc news cnbc
589	elon musk new email pushes twitter managers to do his dirty work science tech culture 
590	 democratic lawmakers call for investigation of elon musk twitter by by david mccabe via nyt new york times 
591	twitter engineer who was fired publicly by elon musk and locked out of his laptop calls the company bunch of cow 
592	elon musk was an unlikely flight risk at tesla when pay package came together his brother said via wsj news wsj
593	conspiracy theorists flood fcc with complaints about elon musk starlink news spacex elonmusk starlink
594	new article from teslarati conspiracy theorists flood fcc with complaints about elon musk starlink 
595	 tech newsflash fired by tweet elon musk latest actions are jeopardizing twitter experts say 
596	so tell me fucking american sucker how are you doing in the markets isn elon musk picks working for you 
597	 tsla news update yesterday rueters today electrek more chatter of musk replacement hence the weakness 
598	former spacex employees file labor complaints alleging retaliatory firings by elon musk company 
599	elon musk takeover of twitter has translated into huge user growth for upstart social media platforms like mast 
600	fired spacex employees file charges with national labor relations board science tech 
601	metro spacex employees say they were fired for speaking up against elon musk news tech spacex 
602	twitter granted fast track trial in bid to force elon musk to complete bn takeover read more 
603	twitter granted fast track trial in bid to force elon musk to complete bn takeover read more 
604	fired by tweet elon musk latest actions are jeopardizing twitter experts say gt technews technology news
605	u senator warns elon musk over issue via usa fintech 
606	he quite vain spacex employees say they were fired for speaking up about elonmusk news today
607	elon musk lays out options for remaining twitter employees click yes or you re done 
608	 news via nyt by noam scheiber and ryan mac spacex employees say they were fired for speaking up about elon musk 
609	 written by blockchaingist elon musk ceo of tesla and owner of twitter inc has made of dogecoin doge inv 
610	 spacex employees say they were fired for speaking up about elon musk via trending news
611	elon musk tesla compensation trial turns to financial experts via wsj news wsj
612	elon musk takes hard line on quiet quitters and anyone he thinks is close via wsj news wsj
613	elon musk robot taxis will be here sam bankman fried ftx is giving away billions to american turds ftx 
614	elon musk righthand man at tesla has reportedly joined spacex after the electric car maker launched an investigat 
615	 tech newsflash don get scammed why you can trust elon musk twitter right now technology bot news
616	 tech newsflash elon musk runs companies and his executive juggling act is the perfect example of how th 
617	 tech newsflash the morning after elon musk issues ultimatum to remaining twitter employees 
618	 spacex employees say they were fired for speaking up about elonmusk assetmanagement hedgefund fixedincome 
619	clinton linked dark money group targets twitter advertisers pelosi dethroned and more top headlines 
620	elon musk emails staff mandatory pledge says twitter will be extremely hardcore moving forward 
621	 tesla news past h discover more full article trading news 
622	elon musk has someone in mind to run tesla in the future via seekingalpha news seekingalpha
623	 crypto news elon musk questions ftx meltdown coverage 
624	elon musk pulls out of bn twitter takeover read more news covid india 
625	elon musk pulls out of bn twitter takeover read more news covid india 
626	elon musk tesla compensation trial turns to financial experts via wsj news wsj
627	 tech newsflash elon musk tesla payout has billion hand in whether or not he remains the world ric 
628	elon musk said yesterday he expected to reduce his time at twitter and eventually find new leader to run the soci 
629	twitter seemingly working on end to end encryption for direct messages elon musk teases confirmation 
630	elon musk fans made monument to their idol for thousand dollars worldnews news ordonews ordo
631	elon musk has warned twitter could face bankruptcy here why read more news 
632	elon musk has warned twitter could face bankruptcy here why read more news 
633	advertisers boycott twitter as elon musk accuses campaign groups of censoring free speech read more 
634	advertisers boycott twitter as elon musk accuses campaign groups of censoring free speech read more 
635	elon musk is considering stepping down as ceo news tesla 
636	primarily but also the likes of signal news twitter infosec privacy encryption 
637	 confirms that he doesn want to be the ceo of more details 
638	twitter blue relaunch date confirmed by elon musk technoxian twitter elonmusk 
639	 metaverse news and opinion usa repost trending trendingnow writerslift 
640	 here why vain tech moguls including elon musk may think the knives out sequel is ab 
641	no matter what the reason elon musk is in the news daily be it acquiring twitter or dismantling the hyperloop 
642	even as twitter said the sought after blue check subscription service will be relaunched on november billionair 
643	 news via nyt by kate conger elon musk gives twitter employees deadline to stay or leave 
644	 elon musk gives twitter employees deadline to stay or leave via trending news
645	what do you think ny times take on elon musk gives twitter employees deadline to stay or leave is 
646	jimmy fallon asks elon musk to fix ripjimmyfallon hashtag news
647	elon musk is usa rakhi sawant wants to grab attention and be in the news all the time elonmusk twitter news
648	the billionaire first two weeks as twitter owner has been marked by rapid change and chaos malaysianow 
649	elon musk names dogecoin as one of three cryptos with good future discuss on cryptopanic 
650	jimmy fallon is asking elon musk to take down ripjimmyfallon news entertainment 
651	tesla loses m as elon musk bitcoin bet sours read more news covid india 
652	tesla loses m as elon musk bitcoin bet sours read more news covid india 
653	 th november tech news reviews on bbc berkshire via fevzi turkalp 
654	elon musk finally makes up his mind on twitter blue you ll be an official celeb or company if enough verified pe 
655	 news electricvehicles elon musk admits he made decisions at tesla without board approval 
656	musk floated possibility of having successor at tesla via wsj news wsj
657	 people have no idea how fast twitter will evolve elonmusk elonmusknews tesla 
658	elon musk claps back after jimmy fallon asks him to stop twitter users from joking about his death 
659	jimmy fallon begs elon musk to take down ripjimmyfallon news
660	elon musk discloses plans to find new leader for twitter news breakingnews
661	 metaverse news and opinion usa repost trending trendingnow writerslift share the shock of twitter owner 
662	 musk discussed potential successor as tesla ceo james murdoch says news information 
663	the wall street journal elon musk floats possibility of his successor at tesla says he plans to eventually find 
664	elon musk floated possibility of having successor at tesla board member says via wsj news wsj
665	elon musk gives twitter employees an ultimatum stay or go by tomorrow gt technews technology news
666	elon musk will find someone else to run twitter twitter community news 
667	 news elon musk has successor in mind to be tesla ceo 
668	doja cat twitter name stuck gets elon musk help news dojacat 
669	 in the news at pm elon musk reveals twitter ceo plan
670	elon musk hints he won be twitter permanent chief via seekingalpha news seekingalpha
671	elon musk says in court that he doesn want to be ceo of any company and tries to walk back sec insults 
672	musk tells twitter staff to work long hours at high intensity or leave via wsj news wsj
673	according to copy of late night internal email received by the billionaire and acquired by cnn twitter new 
674	in court wednesday elon musk said he wants someone else to run twitter twitter elon musk technology news 
675	elon musk says he doesn want to be ceo of any company and tries to walk back sec insults via cnbc news cnbc
676	tesla sued by former workers over elon musk staff cuts read more news covid 
677	tesla sued by former workers over elon musk staff cuts read more news covid 
678	key words elon musk tells twitter employees to put in long hours at high intensity or take severance 
679	elon musk says he doesn want to be ceo of any company and tries to walk back sec insults via cnbc news cnbc
680	elon musk said on wednesday he expects to reduce his time at twitter and find someone else to eventually run the so 
681	cnn jimmy fallon is asking elon musk to take down ripjimmy fallon entertainment news 
682	elon musk is perhaps the most potent money manager who knows how social media marketing in usa tesla marketing st 
683	elon musk says twitter blue verification is coming back november th trending news 
684	elon musk disaster artist by news via 
685	 elon musk gives twitter employees deadline to stay or leave by by kate conger via nyt new york times 
686	 in the news at am elon musk says he had little say in his tesla pay
687	elon musk demands twitter staff commit to long hours or leave news
688	new article alert can elon musk twitter still be safe space for the lgbtq community click the link to find 
689	elon musk tells twitter staff to work long hours or leave hit radio charlie 
690	 gt what does an inventor the likes of elon musk have to say about society ills plenty read freeman explains 
691	elon musk idea for paid twitter verification is completely flawed eu competition chief says 
692	elon musk demands twitter staff commit to long hours or leave read the email via cnbc news cnbc
693	spacex fires staff over letter criticising elon musk read more news covid india 
694	spacex fires staff over letter criticising elon musk read more news covid india 
695	elon musk fires more complaining wokester geniuses from twitter socialmedia news breakingnews
696	elon musk fires more complaining wokester geniuses from twitter america news trump 
697	 tech newsflash blind users from other tech giants are telling twitter employees to just quit over elon mu 
698	 tech newsflash after elon musk fired twitter staff for criticizing him some remaining employees are hurrie 
699	as write this article twitter is buzzing over email send by chief twit aka elon musk and m puzzled why twitt 
700	elon musk demands twitter staff commit to long hours or leave read the email via cnbc news cnbc
701	elon musk says he will remove the twitter for iphone twitter for android tab news 
702	 elon musk demands twitter staff commit to long hours or leave news information 
703	elon musk is taking twitter private all you need to know read more at elonmusk twitter 
704	elon musk twitter takeover elon musk twitter takeover is now official his journey of writing billion cheq 
705	 latestnews elon musk announces another change to twitter says device indicator to be removed elonmusk 
706	metro elon musk ultimatum to twitter staff says commit to hardcore work or leave news tech technology 
707	want to archive twitter good luck with that news technology trends future innovation technews
708	aka reaches out to elon musk again amid energy crisis sa hip hop star aka has reached out to famous billionaire el 
709	analysis elon musk twitter faces its titanic moment as executives and advertisers flee while trolls run rampan 
710	analysis elon musk twitter faces its titanic moment as executives and advertisers flee while trolls run rampan 
711	musk to take stand in trial over his tesla compensation package via wsj news wsj
712	elon musk demands twitter employees commit to extremely hardcore culture or leave 
713	 blue paid verification is returning very soon after being suspended less than week ago twitter 
714	elon musk sued by twitter investors for driving down takeover price read more 
715	elon musk sued by twitter investors for driving down takeover price read more 
716	in an email to twitter staff elon musk gives an ultimatum commit to new hardcore twitter by pm et on thursda 
717	twitter chaos spills into public view as musk clashes with and fires employees on the platform cnn business news
718	 metaverse news and opinion usa repost trending trendingnow writerslift writingcommunity the shock of tw 
719	 welcoming back ligma and johnson says elon musk as he rehires twitter employees who never worked there 
720	check out this article elon tesla news cryptonews cryptocurrencies คร ปโต
721	twitter employee calls out elon musk on twitter it doesn end well for the employee news
722	a twitter engineer who was recently fired from the company urged the remaining employees to disobey elon musk 
723	 news via nyt by kate conger ryan mac and mike isaac elon musk fires twitter employees who criticized him 
724	 elon musk fires twitter employees who criticized him via trending news
725	spacex ceo elon musk said bloomberg report claiming that the rocket launch and satellite company is in talks to 
726	twitter layoffs elon musk hires pranksters ligma johnson says firing them was his biggest mistake stay tuned to 
727	elon musk has said that twitter blue tick subscription service will be relaunched on november technology 
728	benzinga points out that elon musk tortures himself to the next level and asks could you handle his workload 
729	twitter blue tick verification plan to be relaunched on nov elon musk news dailyhunt 
730	elon musk tells twitter staff bankruptcy not out of the question will doge be affected 
731	 twitter will relaunch sign ups for its twitter blue service on november owner elon musk said on tuesday anyo 
732	twitter blue ticks to cost month says elon musk read more news covid 
733	twitter blue ticks to cost month says elon musk read more news covid 
734	tesla projections take center stage on day two of elon musk compensation trial via wsj news wsj
735	 news iphone twitter elon musk teases the end of twitter for iphone labels on tweets 
736	 much appreciated spacex will not let nasa down elonmusk 
737	 elon musk fires twitter employees who criticized him by by kate conger ryan mac and mike isaac via nyt new york 
738	 in the news at pm elon musk fires twitter employees who criticized him
739	elon musk fires entire twitter board of directors to take sole control read more 
740	elon musk fires entire twitter board of directors to take sole control read more 
741	john oliver says it funny watching elon musk destroy twitter billion being set on fire news johnoliver
742	 breaking news elon musk brings back ligma johnson to breakingnews news technews twitterposts 
743	three twitter employees fired for public spat with elon musk news stocks stockmarketnews
744	 bitcoin was up in hours trading for the global crypto ownership rate is estimated to be aroun 
745	twitter elon musk warned he is not above the law as twitter takeover descends into chaos read more 
746	twitter elon musk warned he is not above the law as twitter takeover descends into chaos read more 
747	elon musk fires twitter engineer via tweet socialmedia news breakingnews
748	if you re thinking about quitting elon musk twitter here how to use alternative mastodon via cnbc news cnbc
749	it might be good idea to review and change your two factor authentication options for twitter elon musk 
750	sacked twitter executives at risk of being denied m payout by elon musk read more 
751	sacked twitter executives at risk of being denied m payout by elon musk read more 
752	 metaverse news and opinion usa repost trending trendingnow writerslift the shock of twitter owner elon 
753	 what does an inventor the likes of elon musk have to say about society ills plenty read freeman explains joh 
754	laid off twitter employees claim in lawsuit that the company persuaded them not to look for new jobs in the run 
755	elon musk says he fired the engineer who corrected him on twitter via news twitter elonmusk news
756	dogecoin future could follow this bullish trajectory to doge price thanks to elon musk 
757	charlie munger calls the success of elon musk tesla minor miracle in the car business via cnbc news cnbc
758	charlie munger calls the success of elon musk tesla minor miracle in the car business 
759	 at least now we re able to write our opinions thankyou elon musk free vote twitter 
760	 tech newsflash elon musk fires twitter engineers for criticizing him technology bot news
761	 tech newsflash elon musk will reportedly keep awarding twitter employees stock and options even though th 
762	 he set off my bs detector elon musk passed on having sam bankman fried as investor in twitter 
763	 he set off my bs detector elon musk passed on having sam bankman fried as investor in twitter 
764	meet the members of elon musk inner circle said to be helping him fix twitter news 
765	charlie munger calls the success of elon musk tesla minor miracle in the car business via cnbc news cnbc
766	tesla chair testifies in elon musk compensation trial in delaware via wsj news wsj
767	charlie munger calls the success of elon musk tesla minor miracle in the car business 
768	wow twitter was paying per employee per meal where are all the liberals who wanted elon musk to end world 
769	 the daily show nails trainwreck of elon musk twitter in glorious seconds desi lydic has the impossible job 
770	elon musk tesla pay package heads to court news topstories bbc
771	twitter employees fired by tweet others can get stock ads high risk says biggest agency number of twitter emp 
772	elon musk spacex rockets linked to death of endangered birds read more news 
773	elon musk spacex rockets linked to death of endangered birds read more news 
774	charlie munger calls the success of elon musk tesla minor miracle in the car business via cnbc news cnbc
775	charlie munger calls the success of elon musk tesla minor miracle in the car business 
776	elon musk latest email to twitter employees addresses working late read more 
777	elon musk latest email to twitter employees addresses working late read more 
778	elon musk fires disgruntled employee by tweet socialmedia news breakingnews
779	elon musk fires disgruntled employee by tweet america news trump infowars freespeech politics
780	metro elon musk fires twitter employee on twitter after disagreeing about twitter news tech twitter 
781	eric frohnhoefer an engineer who was fired from twitter after engaging in public disagreement with elon musk sh 
782	is elon musk twitter about to fall out of the gdpr one stop shop breaking news
783	elon musk comments on bitcoin price collapse says it will make it btc ethereum news
784	tesla uses apple play book november th tesla ceo elon musk definitely seems to be following playbook th 
785	everything elon musk did on his first day at twitter read more news covid india 
786	everything elon musk did on his first day at twitter read more news covid india 
787	elon musk revives hopes for k tesla november th tesla is working on new vehicle platform that coul 
788	mps demand elon musk comes to london to discuss twitter takeover read more news 
789	mps demand elon musk comes to london to discuss twitter takeover read more news 
790	elon musk plans to end twitter for iphone and android device labels over the years numerous celebrities have be 
791	 tech newsflash elon musk fires twitter engineer for arguing with him publicly technology bot news
792	 tech newsflash elon musk plans to end twitter for iphone and android device labels technology bot news
793	 tech newsflash twitter trust and safety team sent elon musk page list of the risks with his paid veri 
794	elon musk spoke about the future news worldnews ordonews ordo
795	 technology news elon musk new brain interface technology psychology today news 
796	elon musk plans to end twitter for iphone and android device labels over the years numerous celebrities have be 
797	stephen colbert taunts elon musk over circle of jerk attempt to save himself the late show host mocks the twit 
798	elon musk fires twitter employee in tweet twitter news 
799	list of companies co founded by elon musk read the full article on visit email info 
800	twitter new owner elon musk said that the social media platform will stop adding labels that identify what kind 
801	 elon musk plans to end twitter for iphone and android device labels technology technews tech news 
802	 technology news elon musk new brain interface technology psychology today news 
803	democrat senator demands answer from elon musk news
804	 metaverse news and opinion usa the shock of twitter owner elon musk prophetically reporting twitter may not 
805	 metaverse news and opinion usa trending trendingnow the shock of twitter owner elon musk prophetically 
806	 musk publicly punishes twitter engineers who call him out online news information 
807	read the m email elon musk sent to staff his first announcing the end of remote working at twitter 
808	 can give predictions of what shall be trending elon_musk twitterblue news tuesdaymotivaton 
809	 focus on elon musk elon musk is divisive figure to some he is st century genius and to others just 
810	doja cat asks elon musk for help entertainment ktbs com news dojacat 
811	eric frohnhoefer an engineer who was fired from twitter after engaging in public disagreement with elon musk sh 
812	elon musk buys twitter for bn read more news covid india instagram love 
813	elon musk buys twitter for bn read more news covid india instagram love 
814	elon musk said that he has fired ericfrohnhoefer twitter employee who had publicly corrected him on the micro 
